feature,n,pearson_r,pearson_p,pearson_q,pearson_ci95_low,pearson_ci95_high,spearman_rho,spearman_p,spearman_q,spearman_ci95_low,spearman_ci95_high,kendall_tau,kendall_p,kendall_q,feature_type,gram_group,nt_number,is_ecoli,expected_correlation_with_pMIC,directional_pearson_r,directional_spearman_rho,direction_matches_expected,rank_by_directional_spearman,rank_by_abs_spearman
Eubacterium rectale (NT5009),104,0.41953508981705206,9.29135453146851e-06,0.0003995282448531459,0.25893394877039877,0.5618414362602706,0.4792130134312167,2.656049273471544e-07,1.142101187592764e-05,0.31197727543570797,0.6191973962744038,0.33087118537144433,6.727531978809256e-07,2.89283875088798e-05,strain_probability,positive,NT5009,False,positive,0.41953508981705206,0.4792130134312167,True,1,1
Eggerthella lenta (NT5024),104,0.24117317235391125,0.01365216259455082,0.19568099718856177,0.08407919331532787,0.4024496906691035,0.33192495082465234,0.0005769977855145512,0.012405452388562851,0.1560716730661851,0.49071277145698944,0.2309926025628794,0.0005222471978499618,0.011228314753774178,strain_probability,positive,NT5024,False,positive,0.24117317235391125,0.33192495082465234,True,2,2
Akkermansia muciniphila (NT5021),104,0.18122890004982833,0.06560412547706679,0.47016289925231197,0.02386797393071603,0.3605797660053856,0.31430415793865574,0.0011568783532252742,0.016581923062895597,0.1212935666453415,0.4785019697540494,0.21490728772854126,0.0012487404331118473,0.017898612874603145,strain_probability,negative,NT5021,False,positive,0.18122890004982833,0.31430415793865574,True,3,3
Escherichia coli ED1a (NT5078),104,0.05893005066395563,0.5523621309423213,0.8190197113972351,-0.08396077329964861,0.20031370952177746,0.28853181448353915,0.0029747075688399795,0.03197810636502978,0.08966425282788881,0.4629632294131699,0.19582935618083785,0.0032716309096216607,0.03368162934324565,strain_probability,negative,NT5078,True,positive,0.05893005066395563,0.28853181448353915,True,4,4
Bifidobacterium longum (NT5028),104,0.40624194436689776,1.878798284015649e-05,0.00040394163106336454,0.23032106650340095,0.5637745992672238,0.28204471664842806,0.0037236276078722666,0.032023197427701496,0.08415254990169319,0.453500886143807,0.1920885852891313,0.003916468528284378,0.03368162934324565,strain_probability,positive,NT5028,False,positive,0.40624194436689776,0.28204471664842806,True,5,5
Bacteroides thetaiotaomicron (NT5004),104,0.13427217788972917,0.17417019356024405,0.5805650934747494,-0.024710275649029497,0.3023250946505795,0.272842213551745,0.00507553619909736,0.03637467609353108,0.07907582060407223,0.45375728444179525,0.170766191206404,0.010329782203792992,0.07403010579384978,strain_probability,negative,NT5004,False,positive,0.13427217788972917,0.272842213551745,True,6,6
Parabacteroides merdae (NT5071),104,0.19723615113168133,0.04476335017552426,0.3849648115095087,0.029862947007781197,0.35493222903682664,0.23104951253179404,0.01828487033505384,0.11232134634390216,0.029322190699262684,0.40819918117291887,0.15916980144211368,0.016828486315448466,0.10337498736632629,strain_probability,negative,NT5071,False,positive,0.19723615113168133,0.23104951253179404,True,7,7
Eubacterium eligens (NT5075),104,0.207604250080142,0.03445851277583055,0.3704290123401784,0.028232322133687142,0.3740247773181839,0.19930221054433836,0.04252725065912608,0.20318575314915793,0.013589991225611867,0.37180150203671103,0.13784740735938636,0.03843257962184458,0.2065751154674146,strain_probability,positive,NT5075,False,positive,0.207604250080142,0.19930221054433836,True,8,9
Bacteroides caccae (NT5050),104,0.14322391967573594,0.1469360974511677,0.5805650934747494,-0.044477957733793885,0.3120768850780785,0.1776109771581856,0.07126862576150406,0.3064550907744674,-0.014842149259377789,0.35773434826492445,0.12251024670338947,0.06578651144286425,0.2828819992043163,strain_probability,negative,NT5050,False,positive,0.14322391967573594,0.1776109771581856,True,9,10
Escherichia coli IAI1 (NT5077),104,0.011637648509979151,0.9066613558294598,0.9758147325104721,-0.11946565991259002,0.1587630397482533,0.16266824604293384,0.09897243895065465,0.35614117082067787,-0.04070238496897374,0.3639556272561115,0.11315831947412312,0.08923875300103296,0.3197721982537014,strain_probability,negative,NT5077,True,positive,0.011637648509979151,0.16266824604293384,True,10,11
Lactobacillus paracasei (NT5042),104,0.1544508003450627,0.11747327912624003,0.5805650934747494,-0.024139368838741435,0.3133129568504256,0.16247085901999048,0.09938823371739847,0.35614117082067787,-0.017872235280248457,0.3388449364748516,0.11615093618748837,0.08109449638195797,0.31700575858401747,strain_probability,positive,NT5042,False,positive,0.1544508003450627,0.16247085901999048,True,11,12
Clostridium ramosum (NT5006),104,0.01862778307866128,0.8511219045020013,0.9758147325104721,-0.14092462149931168,0.17745577721889683,0.14902186753782345,0.13109268930042545,0.4026418314227353,-0.04526662504225399,0.33458191935526116,0.1049286235123687,0.11506444833619994,0.38059779065050753,strain_probability,positive,NT5006,False,positive,0.01862778307866128,0.14902186753782345,True,12,14
Roseburia hominis (NT5079),104,0.13156729015800345,0.18308798748002594,0.5805650934747494,-0.05492083727814198,0.3132491671826826,0.13727467228049237,0.16465017345609084,0.40440599105643754,-0.04739572506474032,0.3299825531464022,0.09856931299646758,0.13878590906279706,0.39055041287087144,strain_probability,positive,NT5079,False,positive,0.13156729015800345,0.13727467228049237,True,13,16
Bacteroides ovatus (NT5054),104,0.10110355481827733,0.30715214174092487,0.6980266749188124,-0.09024206805073501,0.3026676256010909,0.13054750914720692,0.1865352212255006,0.422158658562975,-0.038898398129717064,0.2997315246489477,0.09221000248056645,0.16610679354546243,0.39172381753214075,strain_probability,negative,NT5054,False,positive,0.10110355481827733,0.13054750914720692,True,14,19
Parabacteroides distasonis (NT5074),104,0.09260479290934001,0.349796387034715,0.6980266749188124,-0.08830805089495504,0.2781162706833616,0.1134761990548093,0.2513992830343932,0.49137132593085936,-0.10103876016887267,0.3040172101420827,0.07500245637871632,0.2599974788500353,0.5081768904796145,strain_probability,negative,NT5074,False,positive,0.09260479290934001,0.1134761990548093,True,15,22
apscore_gnegative,104,0.10627840226842093,0.2829229194959021,0.6980266749188124,-0.06218893050217426,0.26255041611113866,0.08910156911350783,0.3684025048660592,0.6600544878850227,-0.11391331775029462,0.26373164307483443,0.06789499168447387,0.3078915333061284,0.5709593485563865,aggregate_apscore,negative,,False,positive,0.10627840226842093,0.08910156911350783,True,16,24
Bacteroides vulgatus (NT5001),104,0.04648266521251524,0.6393869058395629,0.8514480305060002,-0.13997450152657503,0.2242133497796934,0.08378812384724907,0.39775609571321746,0.6649070374137582,-0.12225173789974281,0.27445032162198246,0.06639868332779125,0.31867498524077387,0.5709593485563865,strain_probability,negative,NT5001,False,positive,0.04648266521251524,0.08378812384724907,True,17,25
Streptococcus parasanguinis (NT5072),104,0.06630163049083013,0.5036799024462603,0.7817181333020247,-0.10858177951465542,0.2290460427746381,0.07873608301678016,0.4269140462890826,0.6649070374137582,-0.10632441697257483,0.2628654134715775,0.05891714154437815,0.3762506770005024,0.6013716412643404,strain_probability,positive,NT5072,False,positive,0.06630163049083013,0.07873608301678016,True,18,27
Clostridium difficile (NT5083),104,0.011531601292523376,0.90750811632121,0.9758147325104721,-0.12167584478406684,0.13412178591614643,0.07741839126902322,0.4347161012136258,0.6649070374137582,-0.1086824773153235,0.2532047808714429,0.040961441264186715,0.5384460931862276,0.701611575969933,strain_probability,positive,NT5083,False,positive,0.011531601292523376,0.07741839126902322,True,19,28
Bacteroides fragilis (ET) (NT5033),104,0.06547498907397725,0.509025761219923,0.7817181333020247,-0.1265464439619514,0.24528353190278868,0.07513510354416503,0.44842567639532527,0.6649070374137582,-0.10661240980455854,0.26047420853198494,0.05742083318769553,0.3884928114217515,0.6013716412643404,strain_probability,negative,NT5033,False,positive,0.06547498907397725,0.07513510354416503,True,20,29
apscore_total,104,0.08818606325960725,0.3733631051891322,0.6980266749188124,-0.09084783497393424,0.24528281676955516,0.062347625328078436,0.529512115671015,0.7115319054329263,-0.1354388055632769,0.2533938006001331,0.054054139385159634,0.416910755112759,0.6181780162016771,aggregate_apscore,all,,False,positive,0.08818606325960725,0.062347625328078436,True,21,32
Bacteroides uniformis (NT5002),104,0.023059338231434724,0.8162671731835073,0.9758147325104721,-0.1449956252901098,0.18908585704126055,0.05903472421327252,0.551655264911595,0.7188235270060177,-0.12161618273957886,0.237357431010388,0.04769482886925851,0.47381388989208795,0.6554783191166033,strain_probability,negative,NT5002,False,positive,0.023059338231434724,0.05903472421327252,True,22,33
Roseburia intestinalis (NT5011),104,0.04425932408490798,0.6555092521797562,0.8514480305060002,-0.16316743988824947,0.2397444486029757,0.04594849807056897,0.6432454442849623,0.7683209473403716,-0.15625423073900374,0.24131405487150268,0.033105822391602965,0.6190566647162774,0.7489182162513839,strain_probability,positive,NT5011,False,positive,0.04425932408490798,0.04594849807056897,True,23,36
Prevotella copri (NT5019),104,0.041839461889233084,0.6732379776093954,0.8514480305060002,-0.1284051798157231,0.20986661685871208,0.039199995799668035,0.6927813553441914,0.8051242778324387,-0.14272299814419612,0.22939527350527653,0.03535028492662689,0.5954912755845263,0.7489182162513839,strain_probability,negative,NT5019,False,positive,0.041839461889233084,0.039199995799668035,True,24,37
Clostridium perfringens (NT5032),104,0.011595413578554736,0.9069985787166582,0.9758147325104721,-0.19237081150914628,0.20679907096734462,0.034494715955450936,0.7281178682468246,0.8239228509108805,-0.16255792344559578,0.22066469010862014,0.028990974410725758,0.6632790805845303,0.750552643819337,strain_probability,positive,NT5032,False,positive,0.011595413578554736,0.034494715955450936,True,25,38
apscore_gpositive,104,0.0692721872365003,0.48471309379047073,0.7817181333020247,-0.10084083931532842,0.22765584949430295,0.02807697031759021,0.7772341987662894,0.8355267636737611,-0.1718997012963097,0.21729860007805102,0.028990974410725758,0.6632790805845303,0.750552643819337,aggregate_apscore,positive,,False,positive,0.0692721872365003,0.02807697031759021,True,26,40
Bacteroides xylanisolvens (NT5064),104,0.0004893442002638568,0.9960664159951911,0.9960664159951911,-0.1738249755991172,0.1749635367402864,0.01911453251908146,0.8472782324457677,0.8886088779309271,-0.1761381467885034,0.20703850520401468,0.02375389516233659,0.7212870359814358,0.7564717694439449,strain_probability,negative,NT5064,False,positive,0.0004893442002638568,0.01911453251908146,True,27,41
Veillonella parvula (NT5017),104,0.05006319152006069,0.6137748573859831,0.8514480305060002,-0.12352259834771033,0.2134374170839967,0.0026513878487255055,0.9786892812631216,0.9786892812631216,-0.20762409755607256,0.19127003416771748,0.0005611156337559824,0.9932763774889714,0.9932763774889714,strain_probability,negative,NT5017,False,positive,0.05006319152006069,0.0026513878487255055,True,28,43
Streptococcus salivarius (NT5038),104,-0.008665668146259659,0.930428000765799,0.9758147325104721,-0.19261769247057886,0.18822754600434466,-0.0069352197250365346,0.9442958041323601,0.966779037564083,-0.2081842732398957,0.1909564395616975,-0.007294503238827771,0.9127663918362524,0.9344989249752108,strain_probability,positive,NT5038,False,positive,-0.008665668146259659,-0.0069352197250365346,False,29,42
Ruminococcus bromii (NT5045),104,-0.001340331265023767,0.9892260523227442,0.9960664159951911,-0.15687538851557026,0.14440624441694588,-0.03187533681314868,0.7480446225679449,0.8247671479595291,-0.2150038395026773,0.18376865546657142,-0.025624280608189866,0.7003641634413644,0.7528914756994668,strain_probability,positive,NT5045,False,positive,-0.001340331265023767,-0.03187533681314868,False,30,39
Bacteroides fragilis (NT) (NT5003),104,-0.07403280037444634,0.4551298402865743,0.7817181333020247,-0.27152740659105745,0.10407930597954848,-0.04817310316698454,0.6272396851440841,0.7683209473403716,-0.23416140443751943,0.1352761787074007,-0.025624280608189866,0.7003641634413644,0.7528914756994668,strain_probability,negative,NT5003,False,positive,-0.07403280037444634,-0.04817310316698454,False,31,35
Odoribacter splanchnicus (NT5081),104,-0.009141353073205995,0.9266193315800848,0.9758147325104721,-0.1770145848163398,0.14506185248249112,-0.054505492254383274,0.5826350663749591,0.7368619957095072,-0.2365900518830544,0.11955693270597945,-0.03235766821326165,0.62700129732674,0.7489182162513839,strain_probability,negative,NT5081,False,positive,-0.009141353073205995,-0.054505492254383274,False,32,34
Collinsella aerofaciens (NT5073),104,-0.049722745052947416,0.6161908875732541,0.8514480305060002,-0.24726959644573554,0.15192026108619586,-0.06593260044748193,0.5060627918321474,0.701958066089753,-0.24526464344723864,0.11855554034953604,-0.046198520512575884,0.4877978188774722,0.6554783191166033,strain_probability,positive,NT5073,False,positive,-0.049722745052947416,-0.06593260044748193,False,33,31
Ruminococcus torques (NT5047),104,-0.08159656838202571,0.4102566574540764,0.7350431779385536,-0.2997608015603176,0.1515119478058108,-0.06798115765856964,0.4929090683353189,0.701958066089753,-0.2763409168644323,0.1370988303388416,-0.050313368493453095,0.44988125386273625,0.6448297972032553,strain_probability,positive,NT5047,False,positive,-0.08159656838202571,-0.06798115765856964,False,34,30
Ruminococcus gnavus (NT5046),104,-0.09021648491809306,0.36241628207152926,0.6980266749188124,-0.2728507390471957,0.11090583445545656,-0.07958964852140003,0.4219032940034415,0.6649070374137582,-0.28133984416552776,0.1160134707844952,-0.05704675609852488,0.39159083617212864,0.6013716412643404,strain_probability,positive,NT5046,False,positive,-0.09021648491809306,-0.07958964852140003,False,35,26
Bifidobacterium adolescentis (NT5022),104,-0.13999000228615946,0.1563780936574069,0.5805650934747494,-0.34342936016982833,0.05842119041560356,-0.09433499261370847,0.3408277941723129,0.6371997891047589,-0.277570006663801,0.10958079105796743,-0.05742083318769553,0.3884928114217515,0.6013716412643404,strain_probability,positive,NT5022,False,positive,-0.13999000228615946,-0.09433499261370847,False,36,23
Fusobacterium nucleatum (NT5025),104,-0.09835383968127259,0.32056160652879284,0.6980266749188124,-0.2903415272134786,0.06314999044846215,-0.11690646542650045,0.23725932555371398,0.48581671422903344,-0.30671184053501904,0.06914342029630437,-0.08585069196466531,0.1972877764038221,0.42416871926821753,strain_probability,negative,NT5025,False,positive,-0.09835383968127259,-0.11690646542650045,False,37,21
Bilophila wadsworthia (NT5036),104,-0.09006653530596398,0.36321788167364766,0.6980266749188124,-0.28886388580614836,0.0614404106908901,-0.126386377312185,0.20109125374336367,0.4323461955482319,-0.3128373945460936,0.061161368580106415,-0.07724691891374025,0.24600616802603237,0.5037269154818759,strain_probability,negative,NT5036,False,positive,-0.09006653530596398,-0.126386377312185,False,38,20
Coprococcus comes (NT5048),104,-0.12233676184619643,0.21602422082781372,0.5805650934747494,-0.3154249511864924,0.07889581454947375,-0.13579693700061918,0.1692862288143227,0.40440599105643754,-0.338683697248227,0.0694660405103875,-0.09482854210476102,0.15440365160011196,0.39055041287087144,strain_probability,positive,NT5048,False,positive,-0.12233676184619643,-0.13579693700061918,False,39,18
Clostridium saccharolyticum (NT5037),104,-0.14131609022994837,0.15245294109953111,0.5805650934747494,-0.31718723133357685,0.06237567501978126,-0.13644778069789187,0.1672326086795902,0.40440599105643754,-0.3230568287557169,0.05751402811061823,-0.09520261919393168,0.15278422497298763,0.39055041287087144,strain_probability,positive,NT5037,False,positive,-0.14131609022994837,-0.13644778069789187,False,40,17
Blautia obeum (NT5069),104,-0.12963616025900165,0.18965568145720232,0.5805650934747494,-0.3542417786736288,0.09663393448840744,-0.14458866169820395,0.14308293181373888,0.40440599105643754,-0.3363460615766566,0.09101652263908765,-0.0966989275506143,0.14643553953627117,0.39055041287087144,strain_probability,positive,NT5069,False,positive,-0.12963616025900165,-0.14458866169820395,False,41,15
Dorea formicigenerans (NT5076),104,-0.12281467862797449,0.2142220629317647,0.5805650934747494,-0.3117094490682092,0.06226038099706757,-0.15099573776725697,0.12600778234470097,0.4026418314227353,-0.33264902111602423,0.04253124969457659,-0.09071369412388382,0.17308726821187614,0.39172381753214075,strain_probability,positive,NT5076,False,positive,-0.12281467862797449,-0.15099573776725697,False,42,13
Clostridium bolteae (NT5026),104,-0.15434553865711598,0.11772651385747723,0.5805650934747494,-0.33191924481531526,0.021503505709190646,-0.2033939901821099,0.038372864445579656,0.20318575314915793,-0.3811799208102575,-0.026514391533206682,-0.1232584008817308,0.06415352495740252,0.2828819992043163,strain_probability,positive,NT5026,False,positive,-0.15434553865711598,-0.2033939901821099,False,43,8
